"ProductID","ProductDesc","ProductNumber","MakeFlag","Color","SafetyStockLevel","ReorderPoint","StandardCost","ListPrice","Size","SizeUnitMeasureCode","Weight","WeightUnitMeasureCode","ProductCategoryName","ProductSubCategoryName"
"680","HL Road Frame - Black, 58","FR-R92B-58","True","Black","500","375","1059.31","1431.5","58","CM ","2.24","LB ","","Road Frames"
"706","HL Road Frame - Red, 58","FR-R92R-58","True","Red","500","375","1059.31","1431.5","58","CM ","2.24","LB ","","Road Frames"
"707","Sport-100 Helmet, Red","HL-U509-R","False","Red","4","3","13.0863","34.99","","","","","","Helmets"
"708","Sport-100 Helmet, Black","HL-U509","False","Black","4","3","13.0863","34.99","","","","","","Helmets"
"709","Mountain Bike Socks, M","SO-B909-M","False","White","4","3","3.3963","9.5","M","","","","","Socks"
"710","Mountain Bike Socks, L","SO-B909-L","False","White","4","3","3.3963","9.5","L","","","","","Socks"
"711","Sport-100 Helmet, Blue","HL-U509-B","False","Blue","4","3","13.0863","34.99","","","","","","Helmets"
"712","AWC Logo Cap","CA-1098","False","Multi","4","3","6.9223","8.99","","","","","","Caps"
"713","Long-Sleeve Logo Jersey, S","LJ-0192-S","False","Multi","4","3","38.4923","49.99","S","","","","","Jerseys"
"714","Long-Sleeve Logo Jersey, M","LJ-0192-M","False","Multi","4","3","38.4923","49.99","M","","","","","Jerseys"
"715","Long-Sleeve Logo Jersey, L","LJ-0192-L","False","Multi","4","3","38.4923","49.99","L","","","","","Jerseys"
"716","Long-Sleeve Logo Jersey, XL","LJ-0192-X","False","Multi","4","3","38.4923","49.99","XL","","","","","Jerseys"
"717","HL Road Frame - Red, 62","FR-R92R-62","True","Red","500","375","868.6342","1431.5","62","CM ","2.30","LB ","","Road Frames"
"718","HL Road Frame - Red, 44","FR-R92R-44","True","Red","500","375","868.6342","1431.5","44","CM ","2.12","LB ","","Road Frames"
"719","HL Road Frame - Red, 48","FR-R92R-48","True","Red","500","375","868.6342","1431.5","48","CM ","2.16","LB ","","Road Frames"
"720","HL Road Frame - Red, 52","FR-R92R-52","True","Red","500","375","868.6342","1431.5","52","CM ","2.20","LB ","","Road Frames"
"721","HL Road Frame - Red, 56","FR-R92R-56","True","Red","500","375","868.6342","1431.5","56","CM ","2.24","LB ","","Road Frames"
"722","LL Road Frame - Black, 58","FR-R38B-58","True","Black","500","375","204.6251","337.22","58","CM ","2.46","LB ","","Road Frames"
"723","LL Road Frame - Black, 60","FR-R38B-60","True","Black","500","375","204.6251","337.22","60","CM ","2.48","LB ","","Road Frames"
"724","LL Road Frame - Black, 62","FR-R38B-62","True","Black","500","375","204.6251","337.22","62","CM ","2.50","LB ","","Road Frames"
"725","LL Road Frame - Red, 44","FR-R38R-44","True","Red","500","375","187.1571","337.22","44","CM ","2.32","LB ","","Road Frames"
"726","LL Road Frame - Red, 48","FR-R38R-48","True","Red","500","375","187.1571","337.22","48","CM ","2.36","LB ","","Road Frames"
"727","LL Road Frame - Red, 52","FR-R38R-52","True","Red","500","375","187.1571","337.22","52","CM ","2.40","LB ","","Road Frames"
"728","LL Road Frame - Red, 58","FR-R38R-58","True","Red","500","375","187.1571","337.22","58","CM ","2.46","LB ","","Road Frames"
"729","LL Road Frame - Red, 60","FR-R38R-60","True","Red","500","375","187.1571","337.22","60","CM ","2.48","LB ","","Road Frames"
"730","LL Road Frame - Red, 62","FR-R38R-62","True","Red","500","375","187.1571","337.22","62","CM ","2.50","LB ","","Road Frames"
"731","ML Road Frame - Red, 44","FR-R72R-44","True","Red","500","375","352.1394","594.83","44","CM ","2.22","LB ","","Road Frames"
"732","ML Road Frame - Red, 48","FR-R72R-48","True","Red","500","375","352.1394","594.83","48","CM ","2.26","LB ","","Road Frames"
"733","ML Road Frame - Red, 52","FR-R72R-52","True","Red","500","375","352.1394","594.83","52","CM ","2.30","LB ","","Road Frames"
"734","ML Road Frame - Red, 58","FR-R72R-58","True","Red","500","375","352.1394","594.83","58","CM ","2.36","LB ","","Road Frames"
"735","ML Road Frame - Red, 60","FR-R72R-60","True","Red","500","375","352.1394","594.83","60","CM ","2.38","LB ","","Road Frames"
"736","LL Road Frame - Black, 44","FR-R38B-44","True","Black","500","375","204.6251","337.22","44","CM ","2.32","LB ","","Road Frames"
"737","LL Road Frame - Black, 48","FR-R38B-48","True","Black","500","375","204.6251","337.22","48","CM ","2.36","LB ","","Road Frames"
"738","LL Road Frame - Black, 52","FR-R38B-52","True","Black","500","375","204.6251","337.22","52","CM ","2.40","LB ","","Road Frames"
"739","HL Mountain Frame - Silver, 42","FR-M94S-42","True","Silver","500","375","747.2002","1364.5","42","CM ","2.72","LB ","","Mountain Frames"
"740","HL Mountain Frame - Silver, 44","FR-M94S-44","True","Silver","500","375","706.811","1364.5","44","CM ","2.76","LB ","","Mountain Frames"
"741","HL Mountain Frame - Silver, 48","FR-M94S-52","True","Silver","500","375","706.811","1364.5","48","CM ","2.80","LB ","","Mountain Frames"
"742","HL Mountain Frame - Silver, 46","FR-M94S-46","True","Silver","500","375","747.2002","1364.5","46","CM ","2.84","LB ","","Mountain Frames"
"743","HL Mountain Frame - Black, 42","FR-M94B-42","True","Black","500","375","739.041","1349.6","42","CM ","2.72","LB ","","Mountain Frames"
"744","HL Mountain Frame - Black, 44","FR-M94B-44","True","Black","500","375","699.0928","1349.6","44","CM ","2.76","LB ","","Mountain Frames"
"745","HL Mountain Frame - Black, 48","FR-M94B-48","True","Black","500","375","699.0928","1349.6","48","CM ","2.80","LB ","","Mountain Frames"
"746","HL Mountain Frame - Black, 46","FR-M94B-46","True","Black","500","375","739.041","1349.6","46","CM ","2.84","LB ","","Mountain Frames"
"747","HL Mountain Frame - Black, 38","FR-M94B-38","True","Black","500","375","739.041","1349.6","38","CM ","2.68","LB ","","Mountain Frames"
"748","HL Mountain Frame - Silver, 38","FR-M94S-38","True","Silver","500","375","747.2002","1364.5","38","CM ","2.68","LB ","","Mountain Frames"
"749","Road-150 Red, 62","BK-R93R-62","True","Red","100","75","2171.2942","3578.27","62","CM ","15.00","LB ","Components","Road Bikes"
"750","Road-150 Red, 44","BK-R93R-44","True","Red","100","75","2171.2942","3578.27","44","CM ","13.77","LB ","Components","Road Bikes"
"751","Road-150 Red, 48","BK-R93R-48","True","Red","100","75","2171.2942","3578.27","48","CM ","14.13","LB ","Components","Road Bikes"
"752","Road-150 Red, 52","BK-R93R-52","True","Red","100","75","2171.2942","3578.27","52","CM ","14.42","LB ","Components","Road Bikes"
"753","Road-150 Red, 56","BK-R93R-56","True","Red","100","75","2171.2942","3578.27","56","CM ","14.68","LB ","Components","Road Bikes"
"754","Road-450 Red, 58","BK-R68R-58","True","Red","100","75","884.7083","1457.99","58","CM ","17.79","LB ","Components","Road Bikes"
"755","Road-450 Red, 60","BK-R68R-60","True","Red","100","75","884.7083","1457.99","60","CM ","17.90","LB ","Components","Road Bikes"
"756","Road-450 Red, 44","BK-R68R-44","True","Red","100","75","884.7083","1457.99","44","CM ","16.77","LB ","Components","Road Bikes"
"757","Road-450 Red, 48","BK-R68R-48","True","Red","100","75","884.7083","1457.99","48","CM ","17.13","LB ","Components","Road Bikes"
"758","Road-450 Red, 52","BK-R68R-52","True","Red","100","75","884.7083","1457.99","52","CM ","17.42","LB ","Components","Road Bikes"
"759","Road-650 Red, 58","BK-R50R-58","True","Red","100","75","486.7066","782.99","58","CM ","19.79","LB ","Components","Road Bikes"
"760","Road-650 Red, 60","BK-R50R-60","True","Red","100","75","486.7066","782.99","60","CM ","19.90","LB ","Components","Road Bikes"
"761","Road-650 Red, 62","BK-R50R-62","True","Red","100","75","486.7066","782.99","62","CM ","20.00","LB ","Components","Road Bikes"
"762","Road-650 Red, 44","BK-R50R-44","True","Red","100","75","486.7066","782.99","44","CM ","18.77","LB ","Components","Road Bikes"
"763","Road-650 Red, 48","BK-R50R-48","True","Red","100","75","486.7066","782.99","48","CM ","19.13","LB ","Components","Road Bikes"
"764","Road-650 Red, 52","BK-R50R-52","True","Red","100","75","486.7066","782.99","52","CM ","19.42","LB ","Components","Road Bikes"
"765","Road-650 Black, 58","BK-R50B-58","True","Black","100","75","486.7066","782.99","58","CM ","19.79","LB ","Components","Road Bikes"
"766","Road-650 Black, 60","BK-R50B-60","True","Black","100","75","486.7066","782.99","60","CM ","19.90","LB ","Components","Road Bikes"
"767","Road-650 Black, 62","BK-R50B-62","True","Black","100","75","486.7066","782.99","62","CM ","20.00","LB ","Components","Road Bikes"
"768","Road-650 Black, 44","BK-R50B-44","True","Black","100","75","486.7066","782.99","44","CM ","18.77","LB ","Components","Road Bikes"
"769","Road-650 Black, 48","BK-R50B-48","True","Black","100","75","486.7066","782.99","48","CM ","19.13","LB ","Components","Road Bikes"
"770","Road-650 Black, 52","BK-R50B-52","True","Black","100","75","486.7066","782.99","52","CM ","19.42","LB ","Components","Road Bikes"
"771","Mountain-100 Silver, 38","BK-M82S-38","True","Silver","100","75","1912.1544","3399.99","38","CM ","20.35","LB ","Bikes","Mountain Bikes"
"772","Mountain-100 Silver, 42","BK-M82S-42","True","Silver","100","75","1912.1544","3399.99","42","CM ","20.77","LB ","Bikes","Mountain Bikes"
"773","Mountain-100 Silver, 44","BK-M82S-44","True","Silver","100","75","1912.1544","3399.99","44","CM ","21.13","LB ","Bikes","Mountain Bikes"
"774","Mountain-100 Silver, 48","BK-M82S-48","True","Silver","100","75","1912.1544","3399.99","48","CM ","21.42","LB ","Bikes","Mountain Bikes"
"775","Mountain-100 Black, 38","BK-M82B-38","True","Black","100","75","1898.0944","3374.99","38","CM ","20.35","LB ","Bikes","Mountain Bikes"
"776","Mountain-100 Black, 42","BK-M82B-42","True","Black","100","75","1898.0944","3374.99","42","CM ","20.77","LB ","Bikes","Mountain Bikes"
"777","Mountain-100 Black, 44","BK-M82B-44","True","Black","100","75","1898.0944","3374.99","44","CM ","21.13","LB ","Bikes","Mountain Bikes"
"778","Mountain-100 Black, 48","BK-M82B-48","True","Black","100","75","1898.0944","3374.99","48","CM ","21.42","LB ","Bikes","Mountain Bikes"
"779","Mountain-200 Silver, 38","BK-M68S-38","True","Silver","100","75","1265.6195","2319.99","38","CM ","23.35","LB ","Bikes","Mountain Bikes"
"780","Mountain-200 Silver, 42","BK-M68S-42","True","Silver","100","75","1265.6195","2319.99","42","CM ","23.77","LB ","Bikes","Mountain Bikes"
"781","Mountain-200 Silver, 46","BK-M68S-46","True","Silver","100","75","1265.6195","2319.99","46","CM ","24.13","LB ","Bikes","Mountain Bikes"
"782","Mountain-200 Black, 38","BK-M68B-38","True","Black","100","75","1251.9813","2294.99","38","CM ","23.35","LB ","Bikes","Mountain Bikes"
"783","Mountain-200 Black, 42","BK-M68B-42","True","Black","100","75","1251.9813","2294.99","42","CM ","23.77","LB ","Bikes","Mountain Bikes"
"784","Mountain-200 Black, 46","BK-M68B-46","True","Black","100","75","1251.9813","2294.99","46","CM ","24.13","LB ","Bikes","Mountain Bikes"
"785","Mountain-300 Black, 38","BK-M47B-38","True","Black","100","75","598.4354","1079.99","38","CM ","25.35","LB ","Bikes","Mountain Bikes"
"786","Mountain-300 Black, 40","BK-M47B-40","True","Black","100","75","598.4354","1079.99","40","CM ","25.77","LB ","Bikes","Mountain Bikes"
"787","Mountain-300 Black, 44","BK-M47B-44","True","Black","100","75","598.4354","1079.99","44","CM ","26.13","LB ","Bikes","Mountain Bikes"
"788","Mountain-300 Black, 48","BK-M47B-48","True","Black","100","75","598.4354","1079.99","48","CM ","26.42","LB ","Bikes","Mountain Bikes"
"789","Road-250 Red, 44","BK-R89R-44","True","Red","100","75","1518.7864","2443.35","44","CM ","14.77","LB ","Components","Road Bikes"
"790","Road-250 Red, 48","BK-R89R-48","True","Red","100","75","1518.7864","2443.35","48","CM ","15.13","LB ","Components","Road Bikes"
"791","Road-250 Red, 52","BK-R89R-52","True","Red","100","75","1518.7864","2443.35","52","CM ","15.42","LB ","Components","Road Bikes"
"792","Road-250 Red, 58","BK-R89R-58","True","Red","100","75","1554.9479","2443.35","58","CM ","15.79","LB ","Components","Road Bikes"
"793","Road-250 Black, 44","BK-R89B-44","True","Black","100","75","1554.9479","2443.35","44","CM ","14.77","LB ","Components","Road Bikes"
"794","Road-250 Black, 48","BK-R89B-48","True","Black","100","75","1554.9479","2443.35","48","CM ","15.13","LB ","Components","Road Bikes"
"795","Road-250 Black, 52","BK-R89B-52","True","Black","100","75","1554.9479","2443.35","52","CM ","15.42","LB ","Components","Road Bikes"
"796","Road-250 Black, 58","BK-R89B-58","True","Black","100","75","1554.9479","2443.35","58","CM ","15.68","LB ","Components","Road Bikes"
"797","Road-550-W Yellow, 38","BK-R64Y-38","True","Yellow","100","75","713.0798","1120.49","38","CM ","17.35","LB ","Components","Road Bikes"
"798","Road-550-W Yellow, 40","BK-R64Y-40","True","Yellow","100","75","713.0798","1120.49","40","CM ","17.77","LB ","Components","Road Bikes"
"799","Road-550-W Yellow, 42","BK-R64Y-42","True","Yellow","100","75","713.0798","1120.49","42","CM ","18.13","LB ","Components","Road Bikes"
"800","Road-550-W Yellow, 44","BK-R64Y-44","True","Yellow","100","75","713.0798","1120.49","44","CM ","18.42","LB ","Components","Road Bikes"
"801","Road-550-W Yellow, 48","BK-R64Y-48","True","Yellow","100","75","713.0798","1120.49","48","CM ","18.68","LB ","Components","Road Bikes"
"802","LL Fork","FK-1639","True","","500","375","65.8097","148.22","","","","","","Forks"
"803","ML Fork","FK-5136","True","","500","375","77.9176","175.49","","","","","","Forks"
"804","HL Fork","FK-9939","True","","500","375","101.8936","229.49","","","","","","Forks"
"805","LL Headset","HS-0296","True","","500","375","15.1848","34.2","","","","","","Headsets"
"806","ML Headset","HS-2451","True","","500","375","45.4168","102.29","","","","","","Headsets"
"807","HL Headset","HS-3479","True","","500","375","55.3801","124.73","","","","","","Headsets"
"808","LL Mountain Handlebars","HB-M243","True","","500","375","19.7758","44.54","","","","","Accessories","Handlebars"
"809","ML Mountain Handlebars","HB-M763","True","","500","375","27.4925","61.92","","","","","Accessories","Handlebars"
"810","HL Mountain Handlebars","HB-M918","True","","500","375","53.3999","120.27","","","","","Accessories","Handlebars"
"811","LL Road Handlebars","HB-R504","True","","500","375","19.7758","44.54","","","","","Accessories","Handlebars"
"812","ML Road Handlebars","HB-R720","True","","500","375","27.4925","61.92","","","","","Accessories","Handlebars"
"813","HL Road Handlebars","HB-R956","True","","500","375","53.3999","120.27","","","","","Accessories","Handlebars"
"814","ML Mountain Frame - Black, 38","FR-M63B-38","True","Black","500","375","185.8193","348.76","38","CM ","2.73","LB ","","Mountain Frames"
"815","LL Mountain Front Wheel","FW-M423","True","Black","500","375","26.9708","60.745","","","","","","Wheels"
"816","ML Mountain Front Wheel","FW-M762","True","Black","500","375","92.8071","209.025","","","","","","Wheels"
"817","HL Mountain Front Wheel","FW-M928","True","Black","500","375","133.2955","300.215","","","","","","Wheels"
"818","LL Road Front Wheel","FW-R623","True","Black","500","375","37.9909","85.565","","","900.00","G  ","","Wheels"
"819","ML Road Front Wheel","FW-R762","True","Black","500","375","110.2829","248.385","","","850.00","G  ","","Wheels"
"820","HL Road Front Wheel","FW-R820","True","Black","500","375","146.5466","330.06","","","650.00","G  ","","Wheels"
"821","Touring Front Wheel","FW-T905","True","Black","500","375","96.7964","218.01","","","","","","Wheels"
"822","ML Road Frame-W - Yellow, 38","FR-R72Y-38","True","Yellow","500","375","360.9428","594.83","38","CM ","2.18","LB ","","Road Frames"
"823","LL Mountain Rear Wheel","RW-M423","True","Black","500","375","38.9588","87.745","","","","","","Wheels"
"824","ML Mountain Rear Wheel","RW-M762","True","Black","500","375","104.7951","236.025","","","","","","Wheels"
"825","HL Mountain Rear Wheel","RW-M928","True","Black","500","375","145.2835","327.215","","","","","","Wheels"
"826","LL Road Rear Wheel","RW-R623","True","Black","500","375","49.9789","112.565","","","1050.00","G  ","","Wheels"
"827","ML Road Rear Wheel","RW-R762","True","Black","500","375","122.2709","275.385","","","1000.00","G  ","","Wheels"
"828","HL Road Rear Wheel","RW-R820","True","Black","500","375","158.5346","357.06","","","890.00","G  ","","Wheels"
"829","Touring Rear Wheel","RW-T905","True","Black","500","375","108.7844","245.01","","","","","","Wheels"
"830","ML Mountain Frame - Black, 40","FR-M63B-40","True","Black","500","375","185.8193","348.76","40","CM ","2.77","LB ","","Mountain Frames"
"831","ML Mountain Frame - Black, 44","FR-M63B-44","True","Black","500","375","185.8193","348.76","44","CM ","2.81","LB ","","Mountain Frames"
"832","ML Mountain Frame - Black, 48","FR-M63B-48","True","Black","500","375","185.8193","348.76","48","CM ","2.85","LB ","","Mountain Frames"
"833","ML Road Frame-W - Yellow, 40","FR-R72Y-40","True","Yellow","500","375","360.9428","594.83","40","CM ","2.22","LB ","","Road Frames"
"834","ML Road Frame-W - Yellow, 42","FR-R72Y-42","True","Yellow","500","375","360.9428","594.83","42","CM ","2.26","LB ","","Road Frames"
"835","ML Road Frame-W - Yellow, 44","FR-R72Y-44","True","Yellow","500","375","360.9428","594.83","44","CM ","2.30","LB ","","Road Frames"
"836","ML Road Frame-W - Yellow, 48","FR-R72Y-48","True","Yellow","500","375","360.9428","594.83","48","CM ","2.34","LB ","","Road Frames"
"837","HL Road Frame - Black, 62","FR-R92B-62","True","Black","500","375","868.6342","1431.5","62","CM ","2.30","LB ","","Road Frames"
"838","HL Road Frame - Black, 44","FR-R92B-44","True","Black","500","375","868.6342","1431.5","44","CM ","2.12","LB ","","Road Frames"
"839","HL Road Frame - Black, 48","FR-R92B-48","True","Black","500","375","868.6342","1431.5","48","CM ","2.16","LB ","","Road Frames"
"840","HL Road Frame - Black, 52","FR-R92B-52","True","Black","500","375","868.6342","1431.5","52","CM ","2.20","LB ","","Road Frames"
"841","Men's Sports Shorts, S","SH-M897-S","False","Black","4","3","24.7459","59.99","S","","","","","Shorts"
"842","Touring-Panniers, Large","PA-T100","False","Grey","4","3","51.5625","125","","","","","","Panniers"
"843","Cable Lock","LO-C100","False","","4","3","10.3125","25","","","","","","Locks"
"844","Minipump","PU-0452","False","","4","3","8.2459","19.99","","","","","","Pumps"
"845","Mountain Pump","PU-M044","False","","4","3","10.3084","24.99","","","","","","Pumps"
"846","Taillights - Battery-Powered","LT-T990","False","","4","3","5.7709","13.99","","","","","","Lights"
"847","Headlights - Dual-Beam","LT-H902","False","","4","3","14.4334","34.99","","","","","","Lights"
"848","Headlights - Weatherproof","LT-H903","False","","4","3","18.5584","44.99","","","","","","Lights"
"849","Men's Sports Shorts, M","SH-M897-M","False","Black","4","3","24.7459","59.99","M","","","","","Shorts"
"850","Men's Sports Shorts, L","SH-M897-L","False","Black","4","3","24.7459","59.99","L","","","","","Shorts"
"851","Men's Sports Shorts, XL","SH-M897-X","False","Black","4","3","24.7459","59.99","XL","","","","","Shorts"
"852","Women's Tights, S","TG-W091-S","False","Black","4","3","30.9334","74.99","S","","","","","Tights"
"853","Women's Tights, M","TG-W091-M","False","Black","4","3","30.9334","74.99","M","","","","","Tights"
"854","Women's Tights, L","TG-W091-L","False","Black","4","3","30.9334","74.99","L","","","","","Tights"
"855","Men's Bib-Shorts, S","SB-M891-S","False","Multi","4","3","37.1209","89.99","S","","","","","Bib-Shorts"
"856","Men's Bib-Shorts, M","SB-M891-M","False","Multi","4","3","37.1209","89.99","M","","","","","Bib-Shorts"
"857","Men's Bib-Shorts, L","SB-M891-L","False","Multi","4","3","37.1209","89.99","L","","","","","Bib-Shorts"
"858","Half-Finger Gloves, S","GL-H102-S","False","Black","4","3","9.1593","24.49","S","","","","","Gloves"
"859","Half-Finger Gloves, M","GL-H102-M","False","Black","4","3","9.1593","24.49","M","","","","","Gloves"
"860","Half-Finger Gloves, L","GL-H102-L","False","Black","4","3","9.1593","24.49","L","","","","","Gloves"
"861","Full-Finger Gloves, S","GL-F110-S","False","Black","4","3","15.6709","37.99","S","","","","","Gloves"
"862","Full-Finger Gloves, M","GL-F110-M","False","Black","4","3","15.6709","37.99","M","","","","","Gloves"
"863","Full-Finger Gloves, L","GL-F110-L","False","Black","4","3","15.6709","37.99","L","","","","","Gloves"
"864","Classic Vest, S","VE-C304-S","False","Blue","4","3","23.749","63.5","S","","","","","Vests"
"865","Classic Vest, M","VE-C304-M","False","Blue","4","3","23.749","63.5","M","","","","","Vests"
"866","Classic Vest, L","VE-C304-L","False","Blue","4","3","23.749","63.5","L","","","","","Vests"
"867","Women's Mountain Shorts, S","SH-W890-S","False","Black","4","3","26.1763","69.99","S","","","","","Shorts"
"868","Women's Mountain Shorts, M","SH-W890-M","False","Black","4","3","26.1763","69.99","M","","","","","Shorts"
"869","Women's Mountain Shorts, L","SH-W890-L","False","Black","4","3","26.1763","69.99","L","","","","","Shorts"
"870","Water Bottle - 30 oz.","WB-H098","False","","4","3","1.8663","4.99","","","","","","Bottles and Cages"
"871","Mountain Bottle Cage","BC-M005","False","","4","3","3.7363","9.99","","","","","","Bottles and Cages"
"872","Road Bottle Cage","BC-R205","False","","4","3","3.3623","8.99","","","","","","Bottles and Cages"
"873","Patch Kit/8 Patches","PK-7098","False","","4","3","0.8565","2.29","","","","","","Tires and Tubes"
"874","Racing Socks, M","SO-R809-M","False","White","4","3","3.3623","8.99","M","","","","","Socks"
"875","Racing Socks, L","SO-R809-L","False","White","4","3","3.3623","8.99","L","","","","","Socks"
"876","Hitch Rack - 4-Bike","RA-H123","False","","4","3","44.88","120","","","","","","Bike Racks"
"877","Bike Wash - Dissolver","CL-9009","False","","4","3","2.9733","7.95","","","","","","Cleaners"
"878","Fender Set - Mountain","FE-6654","False","","4","3","8.2205","21.98","","","","","","Fenders"
"879","All-Purpose Bike Stand","ST-1401","False","","4","3","59.466","159","","","","","","Bike Stands"
"880","Hydration Pack - 70 oz.","HY-1023-70","False","Silver","4","3","20.5663","54.99","70","","","","","Hydration Packs"
"881","Short-Sleeve Classic Jersey, S","SJ-0194-S","False","Yellow","4","3","41.5723","53.99","S","","","","","Jerseys"
"882","Short-Sleeve Classic Jersey, M","SJ-0194-M","False","Yellow","4","3","41.5723","53.99","M","","","","","Jerseys"
"883","Short-Sleeve Classic Jersey, L","SJ-0194-L","False","Yellow","4","3","41.5723","53.99","L","","","","","Jerseys"
"884","Short-Sleeve Classic Jersey, XL","SJ-0194-X","False","Yellow","4","3","41.5723","53.99","XL","","","","","Jerseys"
"885","HL Touring Frame - Yellow, 60","FR-T98Y-60","True","Yellow","500","375","601.7437","1003.91","60","CM ","3.08","LB ","","Touring Frames"
"886","LL Touring Frame - Yellow, 62","FR-T67Y-62","True","Yellow","500","375","199.8519","333.42","62","CM ","3.20","LB ","","Touring Frames"
"887","HL Touring Frame - Yellow, 46","FR-T98Y-46","True","Yellow","500","375","601.7437","1003.91","46","CM ","2.96","LB ","","Touring Frames"
"888","HL Touring Frame - Yellow, 50","FR-T98Y-50","True","Yellow","500","375","601.7437","1003.91","50","CM ","3.00","LB ","","Touring Frames"
"889","HL Touring Frame - Yellow, 54","FR-T98Y-54","True","Yellow","500","375","601.7437","1003.91","54","CM ","3.04","LB ","","Touring Frames"
"890","HL Touring Frame - Blue, 46","FR-T98U-46","True","Blue","500","375","601.7437","1003.91","46","CM ","2.96","LB ","","Touring Frames"
"891","HL Touring Frame - Blue, 50","FR-T98U-50","True","Blue","500","375","601.7437","1003.91","50","CM ","3.00","LB ","","Touring Frames"
"892","HL Touring Frame - Blue, 54","FR-T98U-54","True","Blue","500","375","601.7437","1003.91","54","CM ","3.04","LB ","","Touring Frames"
"893","HL Touring Frame - Blue, 60","FR-T98U-60","True","Blue","500","375","601.7437","1003.91","60","CM ","3.08","LB ","","Touring Frames"
"894","Rear Derailleur","RD-2308","True","Silver","500","375","53.9282","121.46","","","215.00","G  ","","Derailleurs"
"895","LL Touring Frame - Blue, 50","FR-T67U-50","True","Blue","500","375","199.8519","333.42","50","CM ","3.10","LB ","","Touring Frames"
"896","LL Touring Frame - Blue, 54","FR-T67U-54","True","Blue","500","375","199.8519","333.42","54","CM ","3.14","LB ","","Touring Frames"
"897","LL Touring Frame - Blue, 58","FR-T67U-58","True","Blue","500","375","199.8519","333.42","58","CM ","3.16","LB ","","Touring Frames"
"898","LL Touring Frame - Blue, 62","FR-T67U-62","True","Blue","500","375","199.8519","333.42","62","CM ","3.20","LB ","","Touring Frames"
"899","LL Touring Frame - Yellow, 44","FR-T67Y-44","True","Yellow","500","375","199.8519","333.42","44","CM ","3.02","LB ","","Touring Frames"
"900","LL Touring Frame - Yellow, 50","FR-T67Y-50","True","Yellow","500","375","199.8519","333.42","50","CM ","3.10","LB ","","Touring Frames"
"901","LL Touring Frame - Yellow, 54","FR-T67Y-54","True","Yellow","500","375","199.8519","333.42","54","CM ","3.14","LB ","","Touring Frames"
"902","LL Touring Frame - Yellow, 58","FR-T67Y-58","True","Yellow","500","375","199.8519","333.42","58","CM ","3.16","LB ","","Touring Frames"
"903","LL Touring Frame - Blue, 44","FR-T67U-44","True","Blue","500","375","199.8519","333.42","44","CM ","3.02","LB ","","Touring Frames"
"904","ML Mountain Frame-W - Silver, 40","FR-M63S-40","True","Silver","500","375","199.3757","364.09","40","CM ","2.77","LB ","","Mountain Frames"
"905","ML Mountain Frame-W - Silver, 42","FR-M63S-42","True","Silver","500","375","199.3757","364.09","42","CM ","2.81","LB ","","Mountain Frames"
"906","ML Mountain Frame-W - Silver, 46","FR-M63S-46","True","Silver","500","375","199.3757","364.09","46","CM ","2.85","LB ","","Mountain Frames"
"907","Rear Brakes","RB-9231","False","Silver","500","375","47.286","106.5","","","317.00","G  ","","Brakes"
"908","LL Mountain Seat/Saddle","SE-M236","False","","500","375","12.0413","27.12","","","","","","Saddles"
"909","ML Mountain Seat/Saddle","SE-M798","False","","500","375","17.3782","39.14","","","","","","Saddles"
"910","HL Mountain Seat/Saddle","SE-M940","False","","500","375","23.3722","52.64","","","","","","Saddles"
"911","LL Road Seat/Saddle","SE-R581","False","","500","375","12.0413","27.12","","","","","","Saddles"
"912","ML Road Seat/Saddle","SE-R908","False","","500","375","17.3782","39.14","","","","","","Saddles"
"913","HL Road Seat/Saddle","SE-R995","False","","500","375","23.3722","52.64","","","","","","Saddles"
"914","LL Touring Seat/Saddle","SE-T312","False","","500","375","12.0413","27.12","","","","","","Saddles"
"915","ML Touring Seat/Saddle","SE-T762","False","","500","375","17.3782","39.14","","","","","","Saddles"
"916","HL Touring Seat/Saddle","SE-T924","False","","500","375","23.3722","52.64","","","","","","Saddles"
"917","LL Mountain Frame - Silver, 42","FR-M21S-42","True","Silver","500","375","144.5938","264.05","42","CM ","2.92","LB ","","Mountain Frames"
"918","LL Mountain Frame - Silver, 44","FR-M21S-44","True","Silver","500","375","144.5938","264.05","44","CM ","2.96","LB ","","Mountain Frames"
"919","LL Mountain Frame - Silver, 48","FR-M21S-48","True","Silver","500","375","144.5938","264.05","48","CM ","3.00","LB ","","Mountain Frames"
"920","LL Mountain Frame - Silver, 52","FR-M21S-52","True","Silver","500","375","144.5938","264.05","52","CM ","3.04","LB ","","Mountain Frames"
"921","Mountain Tire Tube","TT-M928","False","","500","375","1.8663","4.99","","","","","","Tires and Tubes"
"922","Road Tire Tube","TT-R982","False","","500","375","1.4923","3.99","","","","","","Tires and Tubes"
"923","Touring Tire Tube","TT-T092","False","","500","375","1.8663","4.99","","","","","","Tires and Tubes"
"924","LL Mountain Frame - Black, 42","FR-M21B-42","True","Black","500","375","136.785","249.79","42","CM ","2.92","LB ","","Mountain Frames"
"925","LL Mountain Frame - Black, 44","FR-M21B-44","True","Black","500","375","136.785","249.79","44","CM ","2.96","LB ","","Mountain Frames"
"926","LL Mountain Frame - Black, 48","FR-M21B-48","True","Black","500","375","136.785","249.79","48","CM ","3.00","LB ","","Mountain Frames"
"927","LL Mountain Frame - Black, 52","FR-M21B-52","True","Black","500","375","136.785","249.79","52","CM ","3.04","LB ","","Mountain Frames"
"928","LL Mountain Tire","TI-M267","False","","500","375","9.3463","24.99","","","","","","Tires and Tubes"
"929","ML Mountain Tire","TI-M602","False","","500","375","11.2163","29.99","","","","","","Tires and Tubes"
"930","HL Mountain Tire","TI-M823","False","","500","375","13.09","35","","","","","","Tires and Tubes"
"931","LL Road Tire","TI-R092","False","","500","375","8.0373","21.49","","","","","","Tires and Tubes"
"932","ML Road Tire","TI-R628","False","","500","375","9.3463","24.99","","","","","","Tires and Tubes"
"933","HL Road Tire","TI-R982","False","","500","375","12.1924","32.6","","","","","","Tires and Tubes"
"934","Touring Tire","TI-T723","False","","500","375","10.8423","28.99","","","","","","Tires and Tubes"
"935","LL Mountain Pedal","PD-M282","False","Silver/Black","500","375","17.9776","40.49","","","218.00","G  ","","Pedals"
"936","ML Mountain Pedal","PD-M340","False","Silver/Black","500","375","27.568","62.09","","","215.00","G  ","","Pedals"
"937","HL Mountain Pedal","PD-M562","False","Silver/Black","500","375","35.9596","80.99","","","185.00","G  ","","Pedals"
"938","LL Road Pedal","PD-R347","False","Silver/Black","500","375","17.9776","40.49","","","189.00","G  ","","Pedals"
"939","ML Road Pedal","PD-R563","False","Silver/Black","500","375","27.568","62.09","","","168.00","G  ","","Pedals"
"940","HL Road Pedal","PD-R853","False","Silver/Black","500","375","35.9596","80.99","","","149.00","G  ","","Pedals"
"941","Touring Pedal","PD-T852","False","Silver/Black","500","375","35.9596","80.99","","","","","","Pedals"
"942","ML Mountain Frame-W - Silver, 38","FR-M63S-38","True","Silver","500","375","199.3757","364.09","38","CM ","2.73","LB ","","Mountain Frames"
"943","LL Mountain Frame - Black, 40","FR-M21B-40","True","Black","500","375","136.785","249.79","40","CM ","2.88","LB ","","Mountain Frames"
"944","LL Mountain Frame - Silver, 40","FR-M21S-40","True","Silver","500","375","144.5938","264.05","40","CM ","2.88","LB ","","Mountain Frames"
"945","Front Derailleur","FD-2342","True","Silver","500","375","40.6216","91.49","","","88.00","G  ","","Derailleurs"
"946","LL Touring Handlebars","HB-T721","True","","500","375","20.464","46.09","","","","","Accessories","Handlebars"
"947","HL Touring Handlebars","HB-T928","True","","500","375","40.6571","91.57","","","","","Accessories","Handlebars"
"948","Front Brakes","FB-9873","False","Silver","500","375","47.286","106.5","","","317.00","G  ","","Brakes"
"949","LL Crankset","CS-4759","True","Black","500","375","77.9176","175.49","","","600.00","G  ","","Cranksets"
"950","ML Crankset","CS-6583","True","Black","500","375","113.8816","256.49","","","635.00","G  ","","Cranksets"
"951","HL Crankset","CS-9183","True","Black","500","375","179.8156","404.99","","","575.00","G  ","","Cranksets"
"952","Chain","CH-0234","False","Silver","500","375","8.9866","20.24","","","","","","Chains"
"953","Touring-2000 Blue, 60","BK-T44U-60","True","Blue","100","75","755.1508","1214.85","60","CM ","27.90","LB ","Clothing","Touring Bikes"
"954","Touring-1000 Yellow, 46","BK-T79Y-46","True","Yellow","100","75","1481.9379","2384.07","46","CM ","25.13","LB ","Clothing","Touring Bikes"
"955","Touring-1000 Yellow, 50","BK-T79Y-50","True","Yellow","100","75","1481.9379","2384.07","50","CM ","25.42","LB ","Clothing","Touring Bikes"
"956","Touring-1000 Yellow, 54","BK-T79Y-54","True","Yellow","100","75","1481.9379","2384.07","54","CM ","25.68","LB ","Clothing","Touring Bikes"
"957","Touring-1000 Yellow, 60","BK-T79Y-60","True","Yellow","100","75","1481.9379","2384.07","60","CM ","25.90","LB ","Clothing","Touring Bikes"
"958","Touring-3000 Blue, 54","BK-T18U-54","True","Blue","100","75","461.4448","742.35","54","CM ","29.68","LB ","Clothing","Touring Bikes"
"959","Touring-3000 Blue, 58","BK-T18U-58","True","Blue","100","75","461.4448","742.35","58","CM ","29.90","LB ","Clothing","Touring Bikes"
"960","Touring-3000 Blue, 62","BK-T18U-62","True","Blue","100","75","461.4448","742.35","62","CM ","30.00","LB ","Clothing","Touring Bikes"
"961","Touring-3000 Yellow, 44","BK-T18Y-44","True","Yellow","100","75","461.4448","742.35","44","CM ","28.77","LB ","Clothing","Touring Bikes"
"962","Touring-3000 Yellow, 50","BK-T18Y-50","True","Yellow","100","75","461.4448","742.35","50","CM ","29.13","LB ","Clothing","Touring Bikes"
"963","Touring-3000 Yellow, 54","BK-T18Y-54","True","Yellow","100","75","461.4448","742.35","54","CM ","29.42","LB ","Clothing","Touring Bikes"
"964","Touring-3000 Yellow, 58","BK-T18Y-58","True","Yellow","100","75","461.4448","742.35","58","CM ","29.79","LB ","Clothing","Touring Bikes"
"965","Touring-3000 Yellow, 62","BK-T18Y-62","True","Yellow","100","75","461.4448","742.35","62","CM ","30.00","LB ","Clothing","Touring Bikes"
"966","Touring-1000 Blue, 46","BK-T79U-46","True","Blue","100","75","1481.9379","2384.07","46","CM ","25.13","LB ","Clothing","Touring Bikes"
"967","Touring-1000 Blue, 50","BK-T79U-50","True","Blue","100","75","1481.9379","2384.07","50","CM ","25.42","LB ","Clothing","Touring Bikes"
"968","Touring-1000 Blue, 54","BK-T79U-54","True","Blue","100","75","1481.9379","2384.07","54","CM ","25.68","LB ","Clothing","Touring Bikes"
"969","Touring-1000 Blue, 60","BK-T79U-60","True","Blue","100","75","1481.9379","2384.07","60","CM ","25.90","LB ","Clothing","Touring Bikes"
"970","Touring-2000 Blue, 46","BK-T44U-46","True","Blue","100","75","755.1508","1214.85","46","CM ","27.13","LB ","Clothing","Touring Bikes"
"971","Touring-2000 Blue, 50","BK-T44U-50","True","Blue","100","75","755.1508","1214.85","50","CM ","27.42","LB ","Clothing","Touring Bikes"
"972","Touring-2000 Blue, 54","BK-T44U-54","True","Blue","100","75","755.1508","1214.85","54","CM ","27.68","LB ","Clothing","Touring Bikes"
"973","Road-350-W Yellow, 40","BK-R79Y-40","True","Yellow","100","75","1082.51","1700.99","40","CM ","15.35","LB ","Components","Road Bikes"
"974","Road-350-W Yellow, 42","BK-R79Y-42","True","Yellow","100","75","1082.51","1700.99","42","CM ","15.77","LB ","Components","Road Bikes"
"975","Road-350-W Yellow, 44","BK-R79Y-44","True","Yellow","100","75","1082.51","1700.99","44","CM ","16.13","LB ","Components","Road Bikes"
"976","Road-350-W Yellow, 48","BK-R79Y-48","True","Yellow","100","75","1082.51","1700.99","48","CM ","16.42","LB ","Components","Road Bikes"
"977","Road-750 Black, 58","BK-R19B-58","True","Black","100","75","343.6496","539.99","58","CM ","20.79","LB ","Components","Road Bikes"
"978","Touring-3000 Blue, 44","BK-T18U-44","True","Blue","100","75","461.4448","742.35","44","CM ","28.77","LB ","Clothing","Touring Bikes"
"979","Touring-3000 Blue, 50","BK-T18U-50","True","Blue","100","75","461.4448","742.35","50","CM ","29.13","LB ","Clothing","Touring Bikes"
"980","Mountain-400-W Silver, 38","BK-M38S-38","True","Silver","100","75","419.7784","769.49","38","CM ","26.35","LB ","Bikes","Mountain Bikes"
"981","Mountain-400-W Silver, 40","BK-M38S-40","True","Silver","100","75","419.7784","769.49","40","CM ","26.77","LB ","Bikes","Mountain Bikes"
"982","Mountain-400-W Silver, 42","BK-M38S-42","True","Silver","100","75","419.7784","769.49","42","CM ","27.13","LB ","Bikes","Mountain Bikes"
"983","Mountain-400-W Silver, 46","BK-M38S-46","True","Silver","100","75","419.7784","769.49","46","CM ","27.42","LB ","Bikes","Mountain Bikes"
"984","Mountain-500 Silver, 40","BK-M18S-40","True","Silver","100","75","308.2179","564.99","40","CM ","27.35","LB ","Bikes","Mountain Bikes"
"985","Mountain-500 Silver, 42","BK-M18S-42","True","Silver","100","75","308.2179","564.99","42","CM ","27.77","LB ","Bikes","Mountain Bikes"
"986","Mountain-500 Silver, 44","BK-M18S-44","True","Silver","100","75","308.2179","564.99","44","CM ","28.13","LB ","Bikes","Mountain Bikes"
"987","Mountain-500 Silver, 48","BK-M18S-48","True","Silver","100","75","308.2179","564.99","48","CM ","28.42","LB ","Bikes","Mountain Bikes"
"988","Mountain-500 Silver, 52","BK-M18S-52","True","Silver","100","75","308.2179","564.99","52","CM ","28.68","LB ","Bikes","Mountain Bikes"
"989","Mountain-500 Black, 40","BK-M18B-40","True","Black","100","75","294.5797","539.99","40","CM ","27.35","LB ","Bikes","Mountain Bikes"
"990","Mountain-500 Black, 42","BK-M18B-42","True","Black","100","75","294.5797","539.99","42","CM ","27.77","LB ","Bikes","Mountain Bikes"
"991","Mountain-500 Black, 44","BK-M18B-44","True","Black","100","75","294.5797","539.99","44","CM ","28.13","LB ","Bikes","Mountain Bikes"
"992","Mountain-500 Black, 48","BK-M18B-48","True","Black","100","75","294.5797","539.99","48","CM ","28.42","LB ","Bikes","Mountain Bikes"
"993","Mountain-500 Black, 52","BK-M18B-52","True","Black","100","75","294.5797","539.99","52","CM ","28.68","LB ","Bikes","Mountain Bikes"
"994","LL Bottom Bracket","BB-7421","True","","500","375","23.9716","53.99","","","223.00","G  ","","Bottom Brackets"
"995","ML Bottom Bracket","BB-8107","True","","500","375","44.9506","101.24","","","168.00","G  ","","Bottom Brackets"
"996","HL Bottom Bracket","BB-9108","True","","500","375","53.9416","121.49","","","170.00","G  ","","Bottom Brackets"
"997","Road-750 Black, 44","BK-R19B-44","True","Black","100","75","343.6496","539.99","44","CM ","19.77","LB ","Components","Road Bikes"
"998","Road-750 Black, 48","BK-R19B-48","True","Black","100","75","343.6496","539.99","48","CM ","20.13","LB ","Components","Road Bikes"
"999","Road-750 Black, 52","BK-R19B-52","True","Black","100","75","343.6496","539.99","52","CM ","20.42","LB ","Components","Road Bikes"
"713","Long-Sleeve Logo Jersey, S","LJ-0192-S","False","Multi","4","3","38.4923","49.99","S","","","","Clothing","Shirt"
"714","Long-Sleeve Logo Jersey, M","LJ-0192-M","False","Multi","4","3","38.4923","49.99","M","","","","Clothing","Shirt"
"715","Long-Sleeve Logo Jersey, L","LJ-0192-L","False","Multi","4","3","38.4923","49.99","L","","","","Clothing","Shirt"
"716","Long-Sleeve Logo Jersey, XL","LJ-0192-X","False","Multi","4","3","38.4923","49.99","XL","","","","Clothing","Shirt"
"881","Short-Sleeve Classic Jersey, S","SJ-0194-S","False","Yellow","4","3","41.5723","53.99","S","","","","Clothing","Shirt"
"882","Short-Sleeve Classic Jersey, M","SJ-0194-M","False","Yellow","4","3","41.5723","53.99","M","","","","Clothing","Shirt"
"883","Short-Sleeve Classic Jersey, L","SJ-0194-L","False","Yellow","4","3","41.5723","53.99","L","","","","Clothing","Shirt"
"884","Short-Sleeve Classic Jersey, XL","SJ-0194-X","False","Yellow","4","3","41.5723","53.99","XL","","","","Clothing","Shirt"
